{
  "best_global_step": null,
  "best_metric": null,
  "best_model_checkpoint": null,
  "epoch": 3.0,
  "eval_steps": 500,
  "global_step": 60,
  "is_hyper_param_search": false,
  "is_local_process_zero": true,
  "is_world_process_zero": true,
  "log_history": [
    {
      "epoch": 1.0,
      "grad_norm": 5.801198482513428,
      "learning_rate": 0.000205,
      "loss": 26.8881,
      "step": 20
    },
    {
      "epoch": 2.0,
      "grad_norm": 7.593563556671143,
      "learning_rate": 0.00010499999999999999,
      "loss": 17.0656,
      "step": 40
    },
    {
      "epoch": 3.0,
      "grad_norm": 7.666402339935303,
      "learning_rate": 4.9999999999999996e-06,
      "loss": 10.4605,
      "step": 60
    }
  ],
  "logging_steps": 20,
  "max_steps": 60,
  "num_input_tokens_seen": 0,
  "num_train_epochs": 3,
  "save_steps": 500,
  "stateful_callbacks": {
    "TrainerControl": {
      "args": {
        "should_epoch_stop": false,
        "should_evaluate": false,
        "should_log": false,
        "should_save": true,
        "should_training_stop": true
      },
      "attributes": {}
    }
  },
  "total_flos": 162540491636736.0,
  "train_batch_size": 2,
  "trial_name": null,
  "trial_params": null
}
